A la Croix Saint Pierre	À la Croix Saint-Pierre
A la Siole	À la Siole
a Pietert	A Pietert
Aline an Emile Mayrischstrooss	Aline an Émile Mayrischstrooss
Allée Dwight David Eisenhower	Allée Dwight D. Eisenhower
Allée John W. Léonard	Allée John W. Leonard
Allée Saint Hubert	Allée Saint-Hubert
Allée St. Hubert	Allée Saint-Hubert
Am Buurgbierg - Rés. Laurentides	Am Buurgbierg - Résidence Laurentides
Am enneschten Eck	Am ënneschten Eck
am Gaa	Am Gaa
Am Hueschterterboesch	Am Hueschterterbësch
am Kalk	Am Kalk
am Pull	Am Pull
Am Reimergaard	Am Réimergaart
am Reisselt	Am Reisselt
Am Rousegaertchen	Am Rousegärtchen
am Schank	Am Schank
Am Schrendel	Am Schrëndel
am Stach	Am Stach
am Wenzeler	Am Wenzeler
an de Bouchen	An de Bouchen
an de Gaarden	An de Gaarden
an de Jenken	An de Jenken
an den Aessen	An den Aessen
An den Jenken	An de Jenken
An den Längten	An de Längten
An der Prenzewiss	An der Prënzewiss
Ancien Chemin D'Osweiler	Ancien Chemin d'Osweiler
Av. Grand-Duc Jean	Avenue Grand-Duc Jean
Avenue des Villes Jumelees	Avenue des Villes Jumelées
Avenue Dr Ernest Feltgen	Avenue Docteur Ernest Feltgen
Avenue Dr Gaasch	Avenue Docteur Gaasch
Avenue Dr Klein	Avenue Docteur Klein
Avenue du 31 août 1942	Avenue du 31 Août 1942
Avenue Emile Reuter	Avenue Émile Reuter
Avenue Gordon Smith	Avenue Gordon T. Smith
Avenue J-F Kennedy	Avenue John F. Kennedy
Avenue John F.Kennedy	Avenue John F. Kennedy
Avenue Marie-Adelaide	Avenue Marie-Adélaïde
Bd Grande-Duchesse Joséphine-Charlotte	Boulevard Grande-Duchesse Joséphine-Charlotte
Bd Robert Schuman	Boulevard Robert Schuman
Bei den 5 Buchen	Bei de 5 Buchen
Beim Besch	Beim Bësch
Beim Maartbesch	Beim Maartbësch
Belle-Etoile	Belle-Étoile
Boulevard Dr Charles Marx	Boulevard Docteur Charles Marx
Boulevard Dr Ernest Feltgen	Boulevard Docteur Ernest Feltgen
Boulevard Emile Krieps	Boulevard Émile Krieps
Boulevard F.W. Raiffeisen	Boulevard Friedrich Wilhelm Raiffeisen
Boulevard Général George S. Patton	Boulevard General George S. Patton
Boulevard J-F Kennedy	Boulevard John F. Kennedy
Boulevard J.F. Kennedy	Boulevard John F. Kennedy
Camping Nic. Brandenburger	Camping Nicolas Brandenburger
Centre D'Emission Rtl	Centre d'Emission Rtl
Chalet St. Hubert	Chalet Saint-Hubert
Chaussée St Martin	Chaussée Saint-Martin
Chemin de l'Eglise	Chemin de l'Église
Chemin J-A Zinnen	Chemin Jean-Antoine Zinnen
Chs. Blanche	Chaussée Blanche
Cité "bei der Kapell"	Cité Bei der Kapell
Cité "Pënscherbierg"	Cité Pënscherbierg
Cité Am Wenkel	Cité Am Wénkel
Cité an de Klengelen	Cité An de Klengelen
Cité Beichel	A Bäichel
Cité Cfl	Cité CFL
Cité des Sacrifiés 1940-1945	Rue de la Jeunesse Sacrifiée 1940-1945
Cité Dr Nicolas Schaeftgen	Cité Docteur Nicolas Schaeftgen
Cité Emile Mayrisch	Cité Émile Mayrisch
Cité Emile Tibessart	Cité Émile Tibessart
Cité Francois Nemers	Cité François Nemers
Cité J.F.L. Alexandre de Colnet	Cité Jean François Léonard Alexandre de Colnet
Cité P. Braun	Cité Pierre Braun
Cité Paerchen	Am Paerchen
Cité St Jean	Cité Saint-Jean
Cité St. Blaise	Cité Saint-Blaise
Dosberbreck	Dosberbréck
Draikantongsstrooss	Dräikantonsstrooss
Ennerem Besch	Ennerem Bësch
Esp. de la Moselle	Esplanade de la Moselle
Fond St Martin	Fond Saint-Martin
Fondation Emile Mayrisch	Fondation Émile Mayrisch
Hl. Vinzenz Gaass	Hellege Vinzenz-Gaass
Henneschtgaass	Hënneschtgaass
Hoenerwee	Hoënerwee
Imp. Aloyse Kayser	Impasse Aloyse Kayser
Imp. Av. Lucien Salentiny	Impasse Avenue Lucien Salentiny
Imp. de la Vallée	Impasse de la Vallée
Imp. du Château	Impasse du Château
Imp. Felix Putz	Impasse Félix Putz
Imp. Hiehl	Impasse Hiehl
Imp. Kalchesbach	Impasse Kalchesbach
Imp. Leon Roger	Impasse Léon Roger
Imp. Michel Kieffer	Impasse Michel Kieffer
Impasse Av. Lucien Salentiny	Impasse Avenue Lucien Salentiny
Impasse Emile Didderich	Impasse Émile Didderich
Impasse J-F Kennedy	Impasse John F. Kennedy
Impasse St Dominique	Impasse Saint-Dominique
Impasse St François	Impasse Saint-François
Impasse St. Antoine	Impasse Saint-Antoine
J. B. Zewenstrooss	Jean-Baptiste-Zewenstrooss
J.-P. Hentzenstrooss	Jean-Pierre-Hentzenstrooss
Jaansmillen	Jansmillen
Kengert	Op Kengert
Maison de Soins de l'Etat	Maison de Soins de l'État
Meecherwee	Mecherwee
Merschterwee	Mierschterwée
Moellerdallerstrooss	Möllerdallerstrooss
Mont St. Nicolas	Mont Saint-Nicolas
Montagne de l'Ecole	Montagne de l'École
Montée de l'Ecole	Montée de l'École
Montée de l'Eglise	Montée de l'Église
Montée des Ecoles	Montée des Écoles
Montée Saint Nicolas	Montée Saint-Nicolas
Montée St Crépin	Montée Saint-Crépin
Montée St Urbain	Montée Saint-Urbain
Montée St. Hubert	Montée Saint-Hubert
Montée St. Nicolas	Montée Saint-Nicolas
Rue Nic Schildermans	Rue Nicolas Schildermans
Nonnesees	Oam Nonnesees
om Wandhof	Om Wandhof
Op den Leeën	Op de Leeën
Op den Scheppen	Op de Scheppen
op der Borreg	Op der Borreg
op der Kiert	Op der Kiert
op der Uet	Op der Uet
Op Feileschterkeppchen	Op Feileschter
Op Feileschterkeppchen	Op Féilëschterkëppchen
Op Kraeizheck	Op Kräizheck
op Tomm	Op Tomm
Parc d'Activités Eco. Gadderscheier	Parc d'Activités Économiques Gadderscheier
Park Drai Eechelen	Park Dräi Eechelen
Parvis De La Basilique	Parvis de la Basilique
Passage des Bâteliers	Passage des Bateliers
Peternelchen	Rue Peternelchen
Place Abbé P.J. Charles Mullendorff	Place Abbé Prosper-Jean-Charles Mullendorff
Place de l'Eglise	Place de l'Église
Place de l'Etoile	Place de l'Étoile
Place des Allies	Place des Alliés
Place Emile Hamilius	Place Émile Hamilius
Place Emile Mousel	Place Émile Mousel
Place J.F. Kennedy	Place John F. Kennedy
Place Jeanne D'Arc	Place Jeanne d'Arc
Place Jos. Moscardo	Place Joseph Moscardo
Place Marie-Adelaïde	Place Marie-Adélaïde
Place St Jean	Place Saint-Jean
Place St Michel	Place Saint-Michel
Place St Willibrord	Place Saint-Willibrord
Place St. Hubert	Place Saint-Hubert
Place St. Michel	Place Saint-Michel
Place Ste Cunégonde	Place Sainte-Cunégonde
Place Sts Pierre et Paul	Place Saints-Pierre-et-Paul
Plateau du St Esprit	Plateau du Saint-Esprit
Porte St Willibrord	Porte Saint-Willibrord
Porte St. Willibrord	Porte Saint-Willibrord
Pénetrante de Lallange	Pénétrante de Lallange
Qua. de l'Eglise	Quartier de l'Église
Quartier de l'Eglise	Quartier de l'Église
Reimerwee	Réimerwee
Res. Merelbach	Résidence Merelbach
Rond-point An der Schmelz	Rond-Point An der Schmelz
Rond-point Charles de Gaulle	Rond-Point Charles de Gaulle
Rond-point de la Jeunesse Sacrifiée	Rond-Point de la Jeunesse Sacrifiée
Rond-point Hubert Clément	Rond-Point Hubert Clément
Rond-point Hurkes	Rond-Point Hurkes
Rond-point Op der Goar	Rond-Point Op der Goar
Rond-point Raemerich	Rond-Point Raemerich
Rond-point Terres-Rouges	Rond-Point Terres-Rouges
Rond-point Um Däich	Rond-Point Um Däich
route du Vin	Route du Vin
Rte de Luxembourg	Route de Luxembourg
Rue A. Lincoln	Rue Abraham Lincoln
Rue A.T. Schmitz	Rue August Theodor Schmitz
Rue Abbe Guill	Rue Abbé Guill
Rue Abbe Jos Keup	Rue Abbé Jos Keup
Rue Abbe Welter	Rue Abbé Welter
Rue Abbé Edouard Garnich	Rue Abbé Édouard Garnich
rue Aly Duhr	Rue Aly Duhr
Rue Andre Duchscher	Rue André Duchscher
Rue André Losch 1934-2016	Rue André Losch
Rue Anne Lindh	Rue Anna Lindh
Rue Antoine-François Van Der Meulen	Rue Antoine-François van der Meulen
Rue Bel Air	Rue Bel-Air
rue Belair	Rue Belair
rue Belle-Vue	Rue Belle-Vue
Rue Biergerkraeiz	Rue Biergerkräiz
Rue C-M Spoo	Rue Caspar Mathias Spoo
Rue C.-M. Spoo	Rue Caspar Mathias Spoo
Rue C.M. Spoo	Rue Caspar Mathias Spoo
Rue Caspar-Mathias Spoo	Rue Caspar Mathias Spoo
Rue Ch. W. Gluck	Rue Christoph Willibald Gluck
Rue Charles-Frederic Mersch	Rue Charles-Frédéric Mersch
Rue Charles-Quint	Rue Charles Quint
rue Clas von Ehnen	Rue Clas von Ehnen
Rue Comte J.-F. d'Autel	Rue Comte Jean-Frédéric d'Autel
Rue Comte Jean-Frederic D'Autel	Rue Comte Jean-Frederic d'Autel
Rue Comte Jean-Frederic d'Autel	Rue Comte Jean-Frédéric d'Autel
Rue Cunegonde	Rue Cunégonde
Rue d'Epernay	Rue d'Épernay
Rue d'Etalle	Rue d'Étalle
Rue d'Oradour-Sur-Glane	Rue d'Oradour-sur-Glane
Rue D. Eisenhower	Rue Dwight D. Eisenhower
rue de Beyren	Rue de Beyren
Rue de Dangé St Romain	Rue de Dangé-Saint-Romain
rue de Donven	Rue de Donven
rue de Dreiborn	Rue de Dreiborn
Rue de Feulen, Imp. I	Rue de Feulen, Impasse I
Rue de Feulen, Imp. II	Rue de Feulen, Impasse II
Rue de Hünsdorf	Rue de Hunsdorf
Rue de l'Acierie	Rue de l'Aciérie
Rue de l'Ecole	Rue de l'École
Rue de l'Ecole Agricole	Rue de l'École Agricole
Rue de l'Egalité	Rue de l'Égalité
Rue de l'Eglise	Rue de l'Église
Rue de l'Electricité	Rue de l'Électricité
Rue de l'Energie	Rue de l'Énergie
Rue de l'Etang	Rue de l'Étang
Rue de l'Etoile	Rue de l'Étoile
rue de l'Indépendance	Rue de l'Indépendance
rue de l'École	Rue de l'École
rue de l'Église	Rue de l'Église
Rue de la 87E Division	Rue de la 87e division
Rue de la Barriere	Rue de la Barrière
Rue de la Carriere	Rue de la Carrière
rue de la Cité	Rue de la Cité
Rue de la Fonte	Avenue de la Fonte
rue de la Forêt	Rue de la Forêt
rue de la Résistance	Rue de la Résistance
Rue de la Toison D'Or	Rue de la Toison d'Or
Rue de la Vieille Eglise	Rue de la Vieille Église
Rue de Macon	Rue de Mâcon
rue de Mondorf	Rue de Mondorf
Rue de Montmedy	Rue de Montmédy
rue de Niederdonven	Rue de Niederdonven
rue de Wormeldange-Haut	Rue de Wormeldange-Haut
Rue des Allies	Rue des Alliés
Rue des Bâteliers	Rue des Bateliers
Rue des Carrieres	Rue des Carrières
rue des Caves	Rue des Caves
Rue des Commercants	Rue des Commerçants
Rue des Ecoles	Rue des Écoles
Rue des Ecoliers	Rue des Écoliers
Rue des Eglantiers	Rue des Églantiers
Rue des Erables	Rue des Érables
Rue des Etangs	Rue des Étangs
Rue des Etats-Unis	Rue des États-Unis
rue des Fleurs	Rue des Fleurs
rue des Jardins	Rue des Jardins
rue des Roses	Rue des Roses
Rue des Trevires	Rue des Trévires
rue des Vergers	Rue des Vergers
rue des Vignes	Rue des Vignes
Rue Docteur Conzémius	Rue Docteur Jean Conzemius
Rue Dr Albert Mambourg	Rue Docteur Albert Mambourg
Rue Dr Albert Schweitzer	Rue Docteur Albert Schweitzer
Rue Dr Auguste Schumacher	Rue Docteur Auguste Schumacher
Rue Dr Conzémius	Rue Docteur Jean Conzemius
Rue Dr Elvire Engel	Rue Docteur Elvire Engel
Rue Dr Emile Colling	Rue Docteur Émile Colling
Rue Dr Emile Pauly	Rue Docteur Émile Pauly
Rue Dr Ernest Feltgen	Rue Docteur Ernest Feltgen
Rue Dr Ferdinand Frieden	Rue Docteur Ferdinand Frieden
Rue Dr Fernand Schwachtgen	Rue Docteur Fernand Schwachtgen
Rue Dr Flesch	Rue Docteur Flesch
Rue Dr François Baclesse	Rue Docteur François Baclesse
Rue Dr Henri Clees	Rue Docteur Henri Clees
Rue Dr Herr	Rue Docteur Herr
Rue Dr Jean Theodore Kirpach	Rue Docteur Jean Théodore Kirpach
Rue Dr Jean-Pierre Ecker	Rue Docteur Jean-Pierre Ecker
Rue Dr Jean-Pierre Glaesener	Rue Docteur Jean-Pierre Glaesener
Rue Dr Jean-Pierre Knaff	Rue Docteur Jean-Pierre Knaff
Rue Dr Joseph Peffer	Rue Docteur Joseph Peffer
Rue Dr Julien Berger	Rue Docteur Julien Berger
Rue Dr Klein	Rue Docteur Klein
Rue Dr Lucius	Rue Docteur Lucius
Rue Dr Léon Mischo	Rue Docteur Léon Mischo
Rue Dr Marie-Paule Molitor-Peffer	Rue Docteur Marie-Paule Molitor-Peffer
Rue Dr Michel Welter	Rue Docteur Michel Welter
Rue Dr Nicolas Clasen	Rue Docteur Nicolas Clasen
Rue Dr Nicolas Dominique Schmit	Rue Docteur Nicolas Dominique Schmit
Rue Dr Orphée Bernard	Rue Docteur Orphée Bernard
Rue Dr Philippe Bastian	Rue Docteur Philippe Bastian
Rue Dr Robert Koch	Rue Docteur Robert Koch
Rue Dr Théodore Urbain	Rue Docteur Théodore Urbain
Rue Dr Welter	Rue Docteur Michel Welter
Rue Dr Willy Thinnes	Rue Docteur Willy Thinnes
Rue Dr. Albert Calmette	Rue Docteur Albert Calmette
Rue Dr. Albert Schweitzer	Rue Docteur Albert Schweitzer
Rue Dr. Camille Guerin	Rue Docteur Camille Guérin
Rue Dr. Elvire Engel	Rue Docteur Elvire Engel
Rue Dr. Felix Worre	Rue Docteur Félix Worré
Rue Dr. François Baclesse	Rue Docteur François Baclesse
Rue Dr. Marie-Paule Molitor-Peffer	Rue Docteur Marie-Paule Molitor-Peffer
Rue Dr. René Koltz	Rue Docteur René Koltz
Rue du 22 mai 2008	Rue du 22 Mai 2008
Rue du 31 août 1942	Rue du 31 Août 1942
Rue du 9 mai 1944	Rue du 9 Mai 1944
Rue du 9 Septembre 1944	Rue du Neuf Septembre 1944
Rue du Baerendall	Rue du Bärendall
rue du Cimetière	Rue du Cimetière
rue du Coin	Rue du Coin
rue du Faubourg	Rue du Faubourg
Rue du Fort Elisabeth	Rue du Fort Élisabeth
Rue du Gruenewald	Rue du Grünewald
Rue du Mont St Jean	Rue du Mont Saint-Jean
Rue du Mont St. Jean	Rue du Mont Saint-Jean
rue du Quai	Rue du Quai
Rue du St Esprit	Rue du Saint-Esprit
Rue du X Septembre	Rue du Dix Septembre
Rue du Zenith	Rue du Zénith
Rue Edouard Brézol	Rue Édouard Brézol
Rue Edouard Fellens	Rue Édouard Fellens
Rue Edouard Grenier	Rue Édouard Grenier
Rue Edouard Oster	Rue Édouard Oster
Rue Edouard Thill	Rue Édouard Thill
Rue Edouard Wolff	Rue Édouard Wolff
Rue Emile Barthel	Rue Émile Barthel
Rue Emile Bian	Rue Émile Bian
Rue Emile Bofferding	Rue Émile Bofferding
Rue Emile Duployé	Rue Émile Duployé
Rue Emile Eischen	Rue Émile Eischen
Rue Emile Elsen	Rue Émile Elsen
Rue Emile Kohn	Rue Émile Kohn
Rue Emile Kowalsky	Rue Émile Kowalsky
Rue Emile Laux	Rue Émile Laux
Rue Emile Lavandier	Rue Émile Lavandier
Rue Emile Ludwig	Rue Émile Ludwig
Rue Emile Lux	Rue Émile Lux
Rue Emile Mark	Rue Émile Mark
Rue Emile Marx	Rue Émile Marx
Rue Emile Mayrisch	Rue Émile Mayrisch
Rue Emile Metz	Rue Émile Metz
Rue Emile Nilles	Rue Émile Nilles
Rue Emile Reding	Rue Émile Reding
Rue Emile Verhaeren	Rue Émile Verhaeren
Rue Erasme	Rue Érasme
Rue Etang Michelbach	Rue Étang Michelbach
Rue Eugene Huberty	Rue Eugène Huberty
Rue Eugene Nickels	Rue Eugène Nickels
Rue Eugene Reiser	Rue Eugène Reiser
Rue Eugene Wolff	Rue Eugène Wolff
Rue F-D Roosevelt	Rue Franklin D. Roosevelt
Rue F. D. Roosevelt	Rue Franklin D. Roosevelt
Rue F. W. Raiffeisen	Boulevard Friedrich Wilhelm Raiffeisen
Rue Fernand D'Huart	Rue Fernand d'Huart
Rue Francois Dostert	Rue François Dostert
Rue General George Patton	Rue General George S. Patton
Rue General Patton	Rue General George S. Patton
Rue Georges Kayser	Rue Abbé Georges Kayser
Rue Gessel	Rue Gässel
Rue Graham Bell	Rue Alexander Graham Bell
Rue Grande-Duchesse Josephine Charlotte	Rue Grande-Duchesse Joséphine-Charlotte
Rue Grande-Duchesse Josephine-Charlotte	Rue Grande-Duchesse Joséphine-Charlotte
Rue Génistre	Rue Genistre
Rue Général G.S. Patton	Rue General George S. Patton
Rue Général Major Lunsford E. Oliver	Rue General Major Lunsford E. Oliver
Rue Général Omar N. Bradley	Rue General Omar N. Bradley
Rue Général Patton	Rue General George S. Patton
Rue Henri Bessemer	Rue Henry Bessemer
Rue Henri Moore	Rue Henry Moore
Rue Henri Vannerus	Rue Henri Vannérus
Rue Hireknapp	Rue Hiereknapp
Rue Hubert Clement	Rue Hubert Clément
Rue Ignac Semmelweis	Rue Ignaz Semmelweis
rue Isidore Comes	Rue Isidore Comes
Rue J-B Scharlé	Rue Jean-Baptiste Scharlé
Rue J-B Weicker	Rue Jean-Baptiste Weicker
Rue J-F Kennedy	Rue John F. Kennedy
Rue J-F. Kennedy	Rue John F. Kennedy
Rue J. F. Kennedy	Rue John F. Kennedy
Rue J.-B. Neuens	Rue Jean-Baptiste Neuens
Rue J.-B. Scharlé	Rue Jean-Baptiste Scharlé
Rue J.-F. Kennedy	Rue John F. Kennedy
Rue J.-P. Beckius	Rue Jean-Pierre Beckius
Rue J.A. Muller	Rue Joseph-Alexandre Müller
Rue J.A. Zinnen	Rue Jean-Antoine Zinnen
Rue J.B. Determe	Rue Jean-Baptiste Determe
Rue J.B. Neuens	Rue Jean-Baptiste Neuens
Rue J.F.J. D'Huart	Rue Jean-François-Joseph d'Huart
Rue James-Hilliard	Polk Rue James Hilliard Polk
Rue Jean Jaures	Rue Jean Jaurès
Rue Jean Pierre Glaesener	Rue Jean-Pierre Glaesener
rue Johannes Enen	Rue Johannes Enen
Rue John Fitzgerald Kennedy	Rue John F. Kennedy
Rue Jongebesch	Rue Jungebusch
Rue John Gruen	Rue John Grün
Rue Jos. Moscardo	Rue Joseph Moscardo
Rue Klensch	Rue Émile Klensch
rue Kundel	Rue Kundel
Rue Lavoisier	Rue Antoine Lavoisier
Rue le Relais	Le Relais
Rue Lemire	Rue Abbé Lemire
Rue Leon Kauffman	Rue Léon Kauffman
Rue Leon Maroldt	Rue Léon Maroldt
Rue Leon Metzler	Rue Léon Metzler
Rue Leon Thyes	Rue Léon Thyes
Rue Leonardo Da Vinci	Rue Leonardo da Vinci
Rue Léo Moulin	Rue Léon Moulin
Rue Ludwig Van Beethoven	Rue Ludwig van Beethoven
Rue Marie De Zorn	Rue Marie de Zorn
Rue Marie-Adelaide	Rue Marie-Adélaïde
Rue Marie-Adelaïde	Rue Marie-Adélaïde
Rue Marie-Adélaide	Rue Marie-Adélaïde
rue Mathias Wellenstein	Rue Mathias Wellenstein
Rue Maurice Barres	Rue Maurice Barrès
Rue Mgr. Fallize	Rue Monseigneur Fallize
Rue Mgr. Jean Bernard	Rue Monseigneur Jean Bernard
Rue Michel Hulsemann	Rue Michel Hülsemann
Rue Mme Mayrisch de St Hubert	Rue Aline Mayrisch-de Saint-Hubert
Rue Mont-Royal	Rue Mont Royal
Rue Munkacsy	Rue Mihály Munkácsy
Rue N.S. Pierret	Rue Nicolas Steffen-Pierret
Rue Nelson Mandela, anc. Rue des Boers	Rue Nelson Mandela
Rue Nic. Biever	Rue Nicolas Biever
Rue Nic. Emeringer	Rue Nicolas Emeringer
Rue Nic. Wirtgen	Rue Nicolas Wirtgen
Rue Nicolas Van Werveke	Rue Nicolas van Werveke
Rue Nicolas Victor Colbert	Rue Nicolas-Victor Colbert
rue Nikolaus Hein	Rue Nikolaus Hein
Rue op den Gehren	Rue op de Gehren
Rue Pepin le Bref	Rue Pépin le Bref
Rue Pere Dominique Pire	Rue Père Dominique Pire
Rue Pessendall	Rue Pëssendall
Rue Pierre D'Osbourg	Rue Pierre d'Osbourg
Rue Pierre Eloi Schoué	Rue Pierre-Éloi Schoué
rue Principale	Rue Principale
Rue Rene de Geysen	Rue René de Geysen
Rue S. G. Thomas	Rue Sidney Gilchrist Thomas
Rue Saint Michel	Rue Saint-Michel
Rue Sainte Thérèse d'Avila	Rue Sainte-Thérèse-d'Ávila
Rue Schaarfeneck	Am Schaarfeneck
Rue Simone De Beauvoir	Rue Simone de Beauvoir
Rue Sosthene Weis	Rue Sosthène Weis
Rue St Antoine	Rue Saint-Antoine
Rue St Cunibert	Rue Saint-Cunibert
Rue St Fiacre	Rue Saint-Fiacre
Rue St Gengoul	Rue Saint-Gengoul
Rue St Henri	Rue Saint-Henri
Rue St Jean	Rue Saint-Jean
Rue St Joseph	Rue Saint-Joseph
Rue St Martin	Rue Saint-Martin
Rue St Mathieu	Rue Saint-Mathieu
Rue St Nicolas	Rue Saint-Nicolas
Rue St Quirin	Rue Saint-Quirin
Rue St Roch	Rue Saint-Roch
Rue St Ulric	Rue Saint-Ulric
Rue St Vincent	Rue Saint-Vincent
Rue St Willibrord	Rue Saint-Willibrord
Rue St. Antoine	Rue Saint-Antoine
Rue St. Benoit	Rue Saint-Benoît
Rue St. Donat	Rue Saint-Donat
Rue St. Désert	Rue Saint-Désert
Rue St. Etienne	Rue Saint-Étienne
Rue St. Hubert	Rue Saint-Hubert
Rue St. Irmine	Rue Sainte-Irmine
Rue St. Joseph	Rue Saint-Joseph
Rue St. Laurent	Rue Saint-Laurent
Rue St. Martin	Rue Saint-Martin
Rue St. Nicolas	Rue Saint-Nicolas
Rue St. Paul	Rue Saint-Paul
Rue St. Pierre	Rue Saint-Pierre
Rue St. Roch	Rue Saint-Roch
Rue St. Sebastien	Rue Saint-Sébastien
Rue St. Sébastien	Rue Saint-Sébastien
Rue St. Willibrord	Rue Saint-Willibrord
Rue Ste Barbe	Rue Sainte-Barbe
Rue Ste Catherine	Rue Sainte-Catherine
Rue Ste-Catherine	Rue Sainte-Catherine
Rue Ste Irmine	Rue Sainte-Irmine
Rue Ste Zithe	Rue Sainte-Zithe
Rue Ste. Barbe	Rue Sainte-Barbe
Rue Ste. Claire	Rue Sainte-Claire
Rue Ste. Croix	Rue Sainte-Croix
Rue Ste. Irmine	Rue Sainte-Irmine
Rue Theodor Mergen	Rue Théodore Mergen
Rue Theodore Bassing	Rue Théodore Bassing
Rue Theodore de Wacquant	Rue Théodore de Wacquant
Rue Theodore Pescatore	Rue Théodore Pescatore
Rue Theophile Funck-Brentano	Rue Théophile Funck-Brentano
Rue Theophile Reuter	Rue Théophile Reuter
Rue Tony Et Charles Hansen	Rue Tony et Charles Hansen
Rue W.A. Mozart	Rue Wolfgang Amadeus Mozart
Rue Wilson	Rue Woodrow Wilson
Rue Woetzkoellchen	Rue Wëtzkëllchen
Rue Würth-Paquet	Rue Wurth-Paquet
Ruelle Soeur Flavia	Ruelle Sœur Flavia
Schefflengerbierg	Schëffléngerbierg
Schleiwegaass	Schléiwegaass
Schmitzbongert	A Schmitzbongert
Sentier de l'Eglise	Sentier de l'Église
Sq. General Patton	Square General George S. Patton
Sq. Marie-Astrid	Square Marie-Astrid
Square Edouard André	Square Édouard André
Square Emile Mayrisch	Square Émile Mayrisch
Square General Patton	Square General George S. Patton
Square General Patton 	Square General George S. Patton
Um Beil	Um Béil
um Kécker	Um Kécker
Um Railand	Um Räiland
um Stuedt	Um Stuedt
Um Weisse Steen	Um weisse Steen
Val Sainte Croix	Val Sainte-Croix
Val St André	Val Saint-André
Val Ste Croix	Val Sainte-Croix
Z. A. C. Jauschwis	Zone Artisanale et Commerciale Jauschwis
Z. A. R. E. EST	Zone d'Activité Régionale Économique EST
Z. A. R. E. OUEST	Zone d'Activité Régionale Économique OUEST
Z.A. Gadderscheier	Zone Artisanale Gadderscheier
Z.A.C. Hahneboesch II	Zone Artisanale et Commerciale Hahneboesch II
Z.A.E. Krakelshaff	Zone d'Activité Économique Krakelshaff
Z.A.E. Le Triangle Vert	Zone d'Activité Économique Le Triangle Vert
Z.A.I. Bourmicht	Zone d'Activité Industrielle Bourmicht
Z.I. Hahneboesch	Zone Industrielle Hahneboesch
ZAC Hahneboesch II	Zone Artisanale et Commerciale Hahneboesch II
ZAC Haneboesch II	Zone Artisanale et Commerciale Haneboesch II
ZAC Klengbousbierg	Zone Artisanale et Commerciale Klengbousbierg
ZAC Klengbusbierg	Zone Artisanale et Commerciale Klengbousbierg
Zaer Op der Héi	Zone d'Activité Régionale Économique Op der Héi
ZARE Sommet	Zone d'Activité Régionale Économique Sommet
Zone artisanale et commerciale Z. A. C.	Zone Artisanale et Commerciale
Zone d'Act. Eco. Z.A.R.E., îlot ouest	Zone d'Activité Régionale Économique, îlot ouest
Zone d'act. économ. "Le Triangle Vert"	Zone d'Activité Économique Le Triangle Vert
Zone d'activités économique Solupla	Zone d'Activité Économique Solupla
Zone Industrielle ZARE	Zone d'Activité Régionale Économique
Rue Ste Claire	Rue Sainte-Claire
Rue Ste Croix	Rue Sainte-Croix
Rue Pierre Schuetz	Rue Pierre Schütz
Rue Im Dudel	Am Dudel
Cité am Duerf	Cité Am Duerf
Cité bei der Kapell	Cité Bei der Kapell
Cité im Thaelchen	Cité Im Thaelchen
Cité op Eechelter	Cité Op Eechelter
Cité op Ei'en	Op Eien
Cité um Béinertchen	Cité Um Béinertchen
Rue Dierwies	Rue Dierwiss
Rue Fräschepéilchen	Fräschepéilchen
Rue Felix Thyes	Rue Félix Thyes
Ancien Chemin d'Osweiler	Ancien chemin vers Osweiler
Doncolserwee	Donkelserwee
ZARE Ouest	Zone d'Activité Régionale Économique Ouest
ZARE Est	Zone d'Activité Régionale Économique Est
Closebierg	Rue Klosebierg
Mäerkelzer Strooss	Mäerkelzerstrooss
Scheiferwee	Schéiferwee
Bongert	Am Bongert
Am Ousterbour	Rue Osterbour
Ro'Debour	Ro'debour
Munnerëferstrooss	Munnereferstrooss
Doerfstrooss	Duerfstrooss
Rue Driicht	Rue Driecht
Klengreisdorf	Klengreisduerf
Medernacherstrooss	Miedernacherstrooss
Am Haupeschbierg	Haupeschbierg
Rue Moenchkelterhaus	Mönchkelterhous
Rue Neugarten	Am Neigord
Rue um Boeschel	Um Bëchel
Kiirfechtsstrooss	Kierfechtstrooss
Kiirfechtstrooss	Kierfechtstrooss
Eesberwée	Eesberwee
Mierschterwée	Mierschterwee
An der Kepp	An der Këpp
Rue Johan Bertels	Rue Jean Bertels
Baastnicher Strooss	Route de Bastogne
Avenue Elise Deroche	Avenue Élise Deroche
Breicherwee	Bréicherwee
Kehrmillen	Kéiermillen
Mellerbaach	Mëllerbaach
Bleesbrueck	Bleesbréck
Ronnebesch	Ronnebësch
Rue Sébastian Conzemius	Rue Sébastien Conzemius
Ennerfoos	Ënner Fooss
An der Selz	Longsdreferstrooss
Eschbach	Eschbaach
Bücherhof	Bicherhaff
Jean Pierre Zanen Strooss	Jean-Pierre-Zanen-Strooss
Aal Strooss	Al Strooss
Tony Bourg Strooss	Tony-Bourg-Strooss
Brotemer Strooss	Brotemerstrooss
Beiricher Strooss	Beiricherstrooss
Hannerhasselter Strooss	Hannerhasselterstrooss
Béigener Strooss	Béigenerstrooss
Jos Seyler Strooss	Jos-Seyler-Strooss
Waler Strooss	Walerstrooss
D'Weltzer Strooss	D'Weltzer Strooss	
Alschter Strooss	Alschterstrooss	
Konstemer Strooss	Konstemerstrooss	
Jean Brachmond Strooss	Jean-Brachmond-Strooss	
Iewescht Strooss	Ieweschtstrooss	
Mathias Braun Strooss	Mathias-Braun-Strooss	
Mathias Wirtz Strooss	Mathias-Wirtz-Strooss	
Bernard Neis-Strooss	Bernard-Neis-Strooss	
Ernest Mehlen-Strooss	Ernest-Mehlen-Strooss	
Robert Wiget Strooss	Robert-Wiget-Strooss	
Péiter vun Uespelt-Strooss	Péiter-vun-Uespelt-Strooss	
Robert Schuman-Strooss	Robert-Schuman-Strooss	
Grengewee	Grénge Wee
Rue An der Messer	Rue an der Messer
Z.A.E. WOLSER A	Zone d'Activité Économique Wolser A
Z.A.E. WOLSER B	Zone d'Activité Économique Wolser B
Z.A.E. WOLSER E	Zone d'Activité Économique Wolser E
Z.A.E. WOLSER F	Zone d'Activité Économique Wolser F
Z.A.E. WOLSER G	Zone d'Activité Économique Wolser G
Z.A.E. WOLSER H	Zone d'Activité Économique Wolser H
Rue Meechtem	Rue Mechtem
Palmberg	Rue Palmberg
Am Ourbécher	Am Uerbecher
Rue Burgkapp	Buurgkapp
Rue Burgknapp	Buurgkapp
Gaessel	Gässel
Rue Nic Sinner	Rue Nicolas Sinner
ZAE - route de Bettel	Zone d'Activité Économique route de Bettel
Ernest Krier Wee	Ernest-Krier-Wee
Beim Fetschebur	Beim Fetschebuer
Rue du XI Novembre 1918	Rue du 11 Novembre 1918
Kierfichtstrooss	Kierfechtstrooss
Kierfichsstrooss	Kierfechtstrooss
Kierfechstrooss	Kierfechtstrooss
Avenue John F.Kennedy 	Avenue John F. Kennedy
rue de luxembourg	Rue de Luxembourg
Mamer	Route d'Arlon
Grand-rue	Grand-Rue
Rue Georges Hamen 	Rue Georges Hamen
Rue de weiler-la-Tour	Rue de Weiler-la-Tour
Rue d'Ettebruck	Rue d'Ettelbruck
an der Bréck	An der Bréck
Avenue du 31 août 1942 	Avenue du 31 Août 1942
Reu Eugène Simon	Rue Eugène Simon
Rue eugène Simon	Rue Eugène Simon
Op dem Kundel 	Op dem Kundel
Opdem Kundel	Op dem Kundel
Bei der Millenj	Bei der Millen
Rue Siweneecken	Siweneecken
Faerschthaff	Färschthaff
Rue du 9 août 2019	Rue du 9 Août 2019
Diänjer  Wee	Diänjer Wee
Rue Nic. Ueberecken	Rue Nicolas Ueberecken
Kuerzaacht	Rue Kurzacht
Rue de luxembourg	Rue de Luxembourg
Alschter Bierg	Alschterbierg
Spanischer Eck	Spueneschen Eck
Enner Maeschbierg	Ënner Maeschbierg
Enner den Thermen	Ënner den Thermen
Enner der Haerdchen	Ënner der Haerdchen
Ennerem Bësch	Ënnerem Bësch
Ennert de Gaarden	Ënnert de Gaarden
Ennert dem Bierg	Ënnert dem Bierg
Ennert der Haart	Ënnert der Haart
Rue Enner Owent	Rue Ënner Owent
Am Hesselter	An Hesselter
Im Donner	Am Donner
Cité Elber	Cité An Elber
Hirtzhof	Hirtzhaff
Château Koedange	Château de Koedange
Hubertushof	Haupeschhaff
Um Beschelchen	Um Bëschelchen
Eckerbierg	Rue Eckerbierg
Scheidheck	Scheedheck
Berelerwee	Bärelerwee
Beesléckerweeg	Beesslekerweeg
Beessleker Weeg	Beesslekerweeg
Um Iewend	Um Ewend
Rue Eechelsbierrig	Eechelsbierrig
Loetsch	Lëtsch
Gehaansraich	Gehaansräich
Rue Ceca	Rue CECA
Cité Aischdall	Cité Äischdall
Schoulbeerg	Schoulberg
Route d’Erpeldange	Route d'Erpeldange
Rue de La Vallée	Rue de la Vallée
Rue Laurent	Rue François Laurent
Rue St Donat	Rue Saint-Donat
Rue Donatusgässel	Donatusgässel
Rue Wickringehroehl	Wickringerhiehl
Beschgaessel	Beschgässel
Rue A Peschen	An de Peschen
Rue Hanzenthal	Rue Hanzendahl
Rue Lumière	Rue Auguste Lumière
Rue Lenz	Rue Michel Lenz
Rue Edison	Rue Thomas Edison
Rue Amalberge	Rue Sainte-Amalberge
Rue Oberst Daessent	Oberst Daessent
Rue Edouard Kraus	Rue Édouard Kraus
Um Knaeppchen	Um Knäppchen
Op Praikert	Op Präikert
Um Leisbesch	Um Leisbësch
Nicolas Leyder Strooss	Nicolas-Leyder-Strooss
Rue Hënneschtgaass	Hënneschtgaass
Op der Geessebrëck	Op der Geessebréck
Rue Äppelhiehl	Äppelhiehl
Rue Bell	Rue Bëll
Rue Buurg	Rue Burg
Rue Wickringerhoehl	Wickringerhiehl
Rue Schléf	Schléf
Rue de la Terre Noire	Rue Terre Noire
Hussegaessel	Hussegässel
Schnekelsbierg	Op Schnekelsbierg
Am Klengen Park	Am Klenge Park
An der Réispelt	An der Reispelt
Echelsbaach	Rue Eechelsbaach
Um Aale Waasser	Um ale Waasser
Gaesselchen	An der Gässelchen
Op der Schmett	Op der Schmëdd
Am Grennchen	Am Grënnchen
